,gene_symbol,ID,n.spot,ENTREZID,GENENAME,logFC,AveExpr,FC_AvsC,P.Value,adj.P.Val,sig1.3_codes,A1,A2,A2_R,A3,C1,C2,C3,C4,BP,CC,MF,KEGGpathway,Name,GeneName,abs_fc
18,ZFAND2A,A_23_P336992,1,90637.0,zinc finger AN1-type containing 2A,2.67257625970984,9.99239888164759,6.37566691218742,7.839149181812361e-19,1.2674336397154201e-15,1,11.3079112225503,11.2752657062245,11.3093026485603,11.2766571322345,8.60113506112928,8.63378057745514,8.63238915144514,8.59974363511929,GO:0032436 positive regulation of proteasomal ubiquitin-dependent protein catabolic process; GO:0071243 cellular response to arsenic-containing substance,GO:0000502 proteasome complex; GO:0005634 nucleus; GO:0005737 cytoplasm,GO:0008270 zinc ion binding,,NM_182491,ZFAND2A,2.67257625970984
49,ZFHX3,A_33_P3231542,1,463.0,zinc finger homeobox 3,-1.75789498955695,8.21732961868793,-3.38204296944694,3.0836891046108304e-14,9.232793600619969e-12,-1,7.35812428894734,7.32285974349646,7.38139211961499,7.34612757416411,9.08245080680192,9.1177153522528,9.09444752158515,9.05918297613426,"GO:0000122 negative regulation of transcription from RNA polymerase II promoter; GO:0006355 regulation of transcription, DNA-templated; GO:0006366 transcription from RNA polymerase II promoter; GO:0007050 cell cycle arrest; GO:0007420 brain development; GO:0007517 muscle organ development; GO:0032922 circadian regulation of gene expression; GO:0045664 regulation of neuron differentiation; GO:0045893 positive regulation of transcription, DNA-templated; GO:0071559 response to transforming growth factor beta; GO:1904059 regulation of locomotor rhythm",GO:0005634 nucleus; GO:0005634 nucleus; GO:0005654 nucleoplasm; GO:0005667 transcription factor complex; GO:0005730 nucleolus; GO:0005737 cytoplasm; GO:0016604 nuclear body; GO:0043231 intracellular membrane-bounded organelle,"GO:0001046 core promoter sequence-specific DNA binding; GO:0003700 transcription factor activity, sequence-specific DNA binding; GO:0003705 transcription factor activity, RNA polymerase II distal enhancer sequence-specific binding; GO:0005515 protein binding; GO:0008270 zinc ion binding; GO:0019899 enzyme binding",04550 Signaling pathways regulating pluripotency of stem cells,NM_006885,ZFHX3,1.75789498955695
72,ZMYND8,A_33_P3619221,1,23613.0,zinc finger MYND-type containing 8,-1.587047,9.940464,-3.004337,8.050134e-14,2.133681e-11,-1,9.214569,9.149532,9.215825,9.150787,10.72048,10.78552,10.78426,10.71923,"GO:0000122 negative regulation of transcription from RNA polymerase II promoter; GO:0006355 regulation of transcription, DNA-templated; GO:0051491 positive regulation of filopodium assembly; GO:0060999 positive regulation of dendritic spine development; GO:0098815 modulation of excitatory postsynaptic potential; GO:1902897 regulation of postsynaptic density protein 95 clustering; GO:1902952 positive regulation of dendritic spine maintenance",GO:0005634 nucleus; GO:0005634 nucleus; GO:0005737 cytoplasm; GO:0043197 dendritic spine; GO:0043198 dendritic shaft,GO:0000977 RNA polymerase II regulatory region sequence-specific DNA binding; GO:0001106 RNA polymerase II transcription corepressor activity; GO:0003682 chromatin binding; GO:0003712 transcription cofactor activity; GO:0005515 protein binding; GO:0008270 zinc ion binding; GO:0042393 histone binding; GO:0047485 protein N-terminus binding; GO:0070491 repressing transcription factor binding,,NM_183047,ZMYND8,1.587047
159,ZMIZ1,A_23_P138435,1,57178.0,zinc finger MIZ-type containing 1,-1.32424877944926,9.97661773253961,-2.50402467603335,3.14720661232632e-12,3.74147327265382e-10,-1,9.33446275606019,9.28539275039322,9.39208576897548,9.34301576330852,10.6625968242563,10.7116668299232,10.6540438170079,10.604973811341,"GO:0001570 vasculogenesis; GO:0001701 in utero embryonic development; GO:0003007 heart morphogenesis; GO:0006351 transcription, DNA-templated; GO:0007296 vitellogenesis; GO:0007569 cell aging; GO:0045944 positive regulation of transcription from RNA polymerase II promoter; GO:0048146 positive regulation of fibroblast proliferation; GO:0048589 developmental growth; GO:0048844 artery morphogenesis",GO:0005654 nucleoplasm; GO:0005737 cytoplasm; GO:0016607 nuclear speck; GO:0043231 intracellular membrane-bounded organelle,GO:0008270 zinc ion binding,,NM_020338,ZMIZ1,1.32424877944926
151,ZFAND5,A_24_P290354,1,7763.0,zinc finger AN1-type containing 5,1.3386441747292,10.0136897043317,2.52913522367797,4.28421117207995e-12,4.63445206417429e-10,1,10.5946535168975,10.6733643601902,10.6274016913047,10.7061125345973,9.3849364869825,9.30622564368984,9.27347746928265,9.35218831257531,GO:0001701 in utero embryonic development; GO:0001944 vasculature development; GO:0003016 respiratory system process; GO:0008150 biological_process; GO:0010761 fibroblast migration; GO:0048008 platelet-derived growth factor receptor signaling pathway; GO:0048705 skeletal system morphogenesis; GO:0048745 smooth muscle tissue development; GO:0060324 face development,GO:0005575 cellular_component; GO:0005737 cytoplasm,GO:0003674 molecular_function; GO:0003677 DNA binding; GO:0008270 zinc ion binding,,NM_006007,ZFAND5,1.3386441747292
205,ZNRF3,A_24_P162373,1,84133.0,zinc and ring finger 3,-1.238011,9.389469,-2.358731,5.258609e-11,3.778719e-09,-1,8.796739,8.902701,8.724691,8.830653,10.03147,9.925512,9.997561,10.10352,"GO:0006511 ubiquitin-dependent protein catabolic process; GO:0016567 protein ubiquitination; GO:0016567 protein ubiquitination; GO:0038018 Wnt receptor catabolic process; GO:0038018 Wnt receptor catabolic process; GO:0060070 canonical Wnt signaling pathway; GO:0060071 Wnt signaling pathway, planar cell polarity pathway; GO:0072089 stem cell proliferation; GO:0090090 negative regulation of canonical Wnt signaling pathway; GO:2000051 negative regulation of non-canonical Wnt signaling pathway",GO:0005886 plasma membrane; GO:0005887 integral component of plasma membrane,GO:0004842 ubiquitin-protein transferase activity; GO:0005109 frizzled binding; GO:0005515 protein binding; GO:0008270 zinc ion binding; GO:0016874 ligase activity; GO:0061630 ubiquitin protein ligase activity,,NM_001206998,ZNRF3,1.238011
177,IKZF2,A_32_P114284,1,22807.0,IKAROS family zinc finger 2,-1.28448241345997,6.8491362117993,-2.43594644152584,2.37498414297216e-10,1.41171851557257e-08,-1,6.14851349219961,6.2065765118963,6.22675717310598,6.28482019280268,7.56523010407993,7.50716708438324,7.42892340347686,7.48698642317356,"GO:0006351 transcription, DNA-templated; GO:0008150 biological_process; GO:0045944 positive regulation of transcription from RNA polymerase II promoter",GO:0005634 nucleus,"GO:0003674 molecular_function; GO:0003700 transcription factor activity, sequence-specific DNA binding; GO:0042803 protein homodimerization activity; GO:0044212 transcription regulatory region DNA binding; GO:0046872 metal ion binding; GO:0046982 protein heterodimerization activity",,NM_001079526,IKZF2,1.28448241345997
207,ZBTB21,A_33_P3384775,1,49854.0,zinc finger and BTB domain containing 21,1.22681880694195,6.44444727427954,2.34050331258628,8.12932677011424e-10,4.25355842133356e-08,1,7.10833259202674,7.0226934818069,7.0978176767093,7.01217856648946,5.75705002802687,5.84268913824671,5.85320405356415,5.76756494334432,"GO:0006351 transcription, DNA-templated; GO:0006355 regulation of transcription, DNA-templated",GO:0005634 nucleus,GO:0008327 methyl-CpG binding; GO:0046872 metal ion binding,,ENST00000398497,ZNF295,1.22681880694195
344,HELZ,A_33_P3257973,1,9931.0,helicase with zinc finger,-1.017272,8.65205,-2.024088,1.787569e-09,8.475489e-08,-1,8.186965,8.175246,8.146083,8.134364,9.138665,9.150384,9.191266,9.179547,,GO:0005634 nucleus; GO:0016020 membrane,GO:0004386 helicase activity; GO:0005524 ATP binding; GO:0044822 poly(A) RNA binding; GO:0046872 metal ion binding,,NM_014877,HELZ,1.017272
240,GLI3,A_33_P3290562,1,2737.0,GLI family zinc finger 3,-1.16850748956999,7.32424525751251,-2.24779036090713,2.08582589440348e-09,9.74671475743222e-08,-1,6.80592000172439,6.68924957198159,6.83046379876179,6.71379336901899,7.85497381630121,7.97164424604401,7.94710044900661,7.83043001926381,"GO:0000122 negative regulation of transcription from RNA polymerase II promoter; GO:0001656 metanephros development; GO:0001658 branching involved in ureteric bud morphogenesis; GO:0001701 in utero embryonic development; GO:0002052 positive regulation of neuroblast proliferation; GO:0006366 transcription from RNA polymerase II promoter; GO:0007224 smoothened signaling pathway; GO:0007411 axon guidance; GO:0007442 hindgut morphogenesis; GO:0007507 heart development; GO:0008285 negative regulation of cell proliferation; GO:0009952 anterior/posterior pattern specification; GO:0009954 proximal/distal pattern formation; GO:0016485 protein processing; GO:0021631 optic nerve morphogenesis; GO:0021766 hippocampus development; GO:0021775 smoothened signaling pathway involved in ventral spinal cord interneuron specification; GO:0021776 smoothened signaling pathway involved in spinal cord motor neuron cell fate specification; GO:0021798 forebrain dorsal/ventral pattern formation; GO:0021819 layer formation in cerebral cortex; GO:0021861 forebrain radial glial cell differentiation; GO:0022018 lateral ganglionic eminence cell proliferation; GO:0030318 melanocyte differentiation; GO:0030324 lung development; GO:0032332 positive regulation of chondrocyte differentiation; GO:0033077 T cell differentiation in thymus; GO:0035108 limb morphogenesis; GO:0042060 wound healing; GO:0042307 positive regulation of protein import into nucleus; GO:0042475 odontogenesis of dentin-containing tooth; GO:0042733 embryonic digit morphogenesis; GO:0043066 negative regulation of apoptotic process; GO:0043585 nose morphogenesis; GO:0043586 tongue development; GO:0043627 response to estrogen; GO:0045060 negative thymic T cell selection; GO:0045665 negative regulation of neuron differentiation; GO:0045669 positive regulation of osteoblast differentiation; GO:0045879 negative regulation of smoothened signaling pathway; GO:0045892 negative regulation of transcription, DNA-templated; GO:0045893 positive regulation of transcription, DNA-templated; GO:0045944 positive regulation of transcription from RNA polymerase II promoter; GO:0045944 positive regulation of transcription from RNA polymerase II promoter; GO:0046638 positive regulation of alpha-beta T cell differentiation; GO:0046639 negative regulation of alpha-beta T cell differentiation; GO:0048557 embryonic digestive tract morphogenesis; GO:0048566 embryonic digestive tract development; GO:0048589 developmental growth; GO:0048593 camera-type eye morphogenesis; GO:0048704 embryonic skeletal system morphogenesis; GO:0048709 oligodendrocyte differentiation; GO:0060021 palate development; GO:0060364 frontal suture morphogenesis; GO:0060366 lambdoid suture morphogenesis; GO:0060367 sagittal suture morphogenesis; GO:0060594 mammary gland specification; GO:0060831 smoothened signaling pathway involved in dorsal/ventral neural tube patterning; GO:0060840 artery development; GO:0060873 anterior semicircular canal development; GO:0060875 lateral semicircular canal development; GO:0061005 cell differentiation involved in kidney development; GO:0070242 thymocyte apoptotic process; GO:0090090 negative regulation of canonical Wnt signaling pathway; GO:1903010 regulation of bone development",GO:0005634 nucleus; GO:0005654 nucleoplasm; GO:0005737 cytoplasm; GO:0005829 cytosol; GO:0005829 cytosol; GO:0005929 cilium; GO:0005930 axoneme; GO:0016592 mediator complex; GO:0016607 nuclear speck; GO:0017053 transcriptional repressor complex; GO:0072372 primary cilium; GO:0097542 ciliary tip; GO:0097546 ciliary base,"GO:0000977 RNA polymerase II regulatory region sequence-specific DNA binding; GO:0000978 RNA polymerase II core promoter proximal region sequence-specific DNA binding; GO:0001077 transcriptional activator activity, RNA polymerase II core promoter proximal region sequence-specific binding; GO:0003682 chromatin binding; GO:0003700 transcription factor activity, sequence-specific DNA binding; GO:0005515 protein binding; GO:0008013 beta-catenin binding; GO:0035035 histone acetyltransferase binding; GO:0042826 histone deacetylase binding; GO:0046872 metal ion binding",04024 cAMP signaling pathway; 04340 Hedgehog signaling pathway; 05200 Pathways in cancer; 05217 Basal cell carcinoma,NM_000168,GLI3,1.16850748956999
352,ZNF394,A_33_P3290085,1,84124.0,zinc finger protein 394,1.003775,9.284005,2.00524,2.564293e-09,1.167873e-07,1,9.81058,9.726799,9.822819,9.739038,8.719903,8.803684,8.791445,8.707664,"GO:0006351 transcription, DNA-templated; GO:0006355 regulation of transcription, DNA-templated",GO:0005634 nucleus; GO:0005634 nucleus; GO:0005654 nucleoplasm; GO:0005737 cytoplasm,"GO:0003700 transcription factor activity, sequence-specific DNA binding; GO:0043565 sequence-specific DNA binding; GO:0046872 metal ion binding",,NM_032164,ZNF394,1.003775
351,ZNF473,A_24_P941376,1,25888.0,zinc finger protein 473,1.00486027523175,7.08635483620126,2.00674913429632,1.6061167274954e-08,6.02498729701755e-07,1,7.60740744153507,7.57525576805641,7.59720167384345,7.5650500003648,6.52862838009503,6.56078005357368,6.57098582126529,6.53883414778664,"GO:0006355 regulation of transcription, DNA-templated; GO:0006369 termination of RNA polymerase II transcription; GO:0006398 mRNA 3'-end processing by stem-loop binding and cleavage; GO:0008334 histone mRNA metabolic process",GO:0005654 nucleoplasm; GO:0005654 nucleoplasm; GO:0015030 Cajal body,GO:0003677 DNA binding; GO:0005515 protein binding; GO:0046872 metal ion binding,,NM_015428,ZNF473,1.00486027523175
431,ZNF652,A_23_P55256,1,22834.0,zinc finger protein 652,-0.933862214991123,9.4069612174136,-1.91038341232942,1.65196954696271e-08,6.16837035457114e-07,-1,8.97833218510291,8.91013269207153,9.03494086975551,8.96674137672413,9.8788517436867,9.94705123671808,9.89044255206548,9.8222430590341,"GO:0006351 transcription, DNA-templated; GO:0006355 regulation of transcription, DNA-templated",GO:0005634 nucleus,GO:0003677 DNA binding; GO:0046872 metal ion binding,,NM_014897,ZNF652,0.933862214991123
461,ZNF837,A_33_P3411427,1,116412.0,zinc finger protein 837,-0.9080567,9.741871,-1.876516,1.963299e-08,7.197872e-07,-1,9.336485,9.363242,9.25947,9.286227,10.19727,10.17052,10.24753,10.27429,"GO:0006351 transcription, DNA-templated; GO:0006355 regulation of transcription, DNA-templated",GO:0005634 nucleus,"GO:0000977 RNA polymerase II regulatory region sequence-specific DNA binding; GO:0003700 transcription factor activity, sequence-specific DNA binding; GO:0046872 metal ion binding",,NM_001129730,ZNF837,0.9080567
372,ZNF256,A_23_P16022,1,10172.0,zinc finger protein 256,0.9749751,7.472702,1.965607,2.93992e-08,1.02441e-06,1,7.992,8.019861,7.92377,7.951631,6.958727,6.930866,6.999095,7.026957,"GO:0006351 transcription, DNA-templated; GO:0007275 multicellular organism development; GO:0045892 negative regulation of transcription, DNA-templated",GO:0005634 nucleus,"GO:0000977 RNA polymerase II regulatory region sequence-specific DNA binding; GO:0003700 transcription factor activity, sequence-specific DNA binding; GO:0005515 protein binding; GO:0046872 metal ion binding",,NM_005773,ZNF256,0.9749751
478,UNKL,A_23_P100141,10,64718.0,unkempt family like zinc finger,0.8949636,9.123033,1.859563,3.200085e-08,1.103176e-06,1,9.596757,9.595541,9.532826,9.531611,8.620068,8.621284,8.685214,8.683998,GO:0000209 protein polyubiquitination,GO:0005634 nucleus; GO:0005829 cytosol,GO:0004842 ubiquitin-protein transferase activity; GO:0004842 ubiquitin-protein transferase activity; GO:0008270 zinc ion binding; GO:0016874 ligase activity,,NM_023076,UNKL,0.8949636
403,ZNF438,A_23_P161156,1,220929.0,zinc finger protein 438,-0.9564358,7.440082,-1.94051,4.28973e-08,1.427085e-06,-1,7.022397,6.983366,6.968262,6.92923,7.862343,7.901374,7.95551,7.916478,"GO:0006351 transcription, DNA-templated; GO:0006355 regulation of transcription, DNA-templated",GO:0005634 nucleus; GO:0005654 nucleoplasm; GO:0005737 cytoplasm,GO:0003677 DNA binding; GO:0046872 metal ion binding,,NM_182755,ZNF438,0.9564358
378,ZNF761,A_24_P941487,1,388561.0,zinc finger protein 761,0.971822254567123,7.52196259201769,1.96131635156999,4.66123876686313e-08,1.52556494701707e-06,1,7.94967563670397,7.98982649278137,8.03760481772822,8.07775567380562,7.08762723938017,7.04747638330277,6.95954720227851,6.99969805835591,"GO:0006351 transcription, DNA-templated; GO:0006355 regulation of transcription, DNA-templated",GO:0005634 nucleus,"GO:0003677 DNA binding; GO:0003700 transcription factor activity, sequence-specific DNA binding; GO:0046872 metal ion binding",,NM_001008401,ZNF761,0.971822254567123
549,ZC3H4,A_24_P220618,1,23211.0,zinc finger CCCH-type containing 4,-0.8547091,9.628896,-1.808394,6.780095e-08,2.121839e-06,-1,9.257535,9.216312,9.22577,9.184548,10.04149,10.08271,10.11448,10.07325,,,GO:0044822 poly(A) RNA binding; GO:0046872 metal ion binding,,NM_015168,ZC3H4,0.8547091
602,ZNF281,A_23_P311087,1,23528.0,zinc finger protein 281,0.8227246,8.784432,1.768743,2.968784e-07,7.927168e-06,1,9.176551,9.220583,9.199715,9.243747,8.376372,8.33234,8.309176,8.353208,"GO:0000122 negative regulation of transcription from RNA polymerase II promoter; GO:0006351 transcription, DNA-templated; GO:0010172 embryonic body morphogenesis; GO:0010629 negative regulation of gene expression; GO:0010629 negative regulation of gene expression; GO:0045892 negative regulation of transcription, DNA-templated; GO:0045892 negative regulation of transcription, DNA-templated; GO:0045893 positive regulation of transcription, DNA-templated; GO:0048863 stem cell differentiation",GO:0005634 nucleus; GO:0005654 nucleoplasm,"GO:0000978 RNA polymerase II core promoter proximal region sequence-specific DNA binding; GO:0001047 core promoter binding; GO:0001078 transcriptional repressor activity, RNA polymerase II core promoter proximal region sequence-specific binding; GO:0003700 transcription factor activity, sequence-specific DNA binding; GO:0003714 transcription corepressor activity; GO:0005515 protein binding; GO:0043565 sequence-specific DNA binding; GO:0044212 transcription regulatory region DNA binding; GO:0046872 metal ion binding",,NM_012482,ZNF281,0.8227246
427,ZNF550,A_23_P354827,1,162972.0,zinc finger protein 550,0.9370539,7.496343,1.914614,3.300474e-07,8.676758e-06,1,8.073157,7.956378,7.993988,7.877209,6.908699,7.025477,7.104646,6.987867,"GO:0006351 transcription, DNA-templated; GO:0006355 regulation of transcription, DNA-templated",GO:0005634 nucleus,GO:0003677 DNA binding; GO:0046872 metal ion binding,,ENST00000447310,,0.9370539
629,BAZ1A,A_23_P76799,10,11177.0,bromodomain adjacent to zinc finger domain 1A,-0.8097147,9.180659,-1.752865,3.774891e-07,9.749158e-06,-1,8.838565,8.796787,8.795591,8.753812,9.555108,9.596887,9.639861,9.598083,"GO:0006261 DNA-dependent DNA replication; GO:0006338 chromatin remodeling; GO:0006351 transcription, DNA-templated; GO:0006355 regulation of transcription, DNA-templated",GO:0008623 CHRAC; GO:0016590 ACF complex,GO:0005515 protein binding; GO:0008270 zinc ion binding,,NM_013448,BAZ1A,0.8097147
384,ZBTB42,A_33_P3289128,1,100128927.0,zinc finger and BTB domain containing 42,-0.968877644460515,9.21488376326007,-1.95731729289828,4.25314734820337e-07,1.08461965813489e-05,-1,8.63132472960966,8.66980791366051,8.8536453041541,8.89212848820495,9.83710763163923,9.79862444758838,9.57630387304394,9.61478705709479,"GO:0000122 negative regulation of transcription from RNA polymerase II promoter; GO:0006351 transcription, DNA-templated; GO:0007517 muscle organ development",GO:0005634 nucleus; GO:0005654 nucleoplasm; GO:0005737 cytoplasm; GO:0005886 plasma membrane,GO:0003677 DNA binding; GO:0046872 metal ion binding,,NM_001137601,ZBTB42,0.968877644460515
572,ZFP1,A_23_P3856,1,162239.0,ZFP1 zinc finger protein,-0.8386292,7.5812,-1.78835,5.284512e-07,1.310429e-05,-1,7.150721,7.171896,7.174226,7.195401,8.010147,7.988972,7.965467,7.986642,"GO:0006351 transcription, DNA-templated; GO:0006355 regulation of transcription, DNA-templated",GO:0005634 nucleus,"GO:0003677 DNA binding; GO:0003700 transcription factor activity, sequence-specific DNA binding; GO:0046872 metal ion binding",,NM_153688,ZFP1,0.8386292
580,CASZ1,A_33_P3338300,1,54897.0,castor zinc finger 1,-0.8345146,8.046184,-1.783257,5.584056e-07,1.367925e-05,-1,7.68559,7.63142,7.646947,7.592777,8.404859,8.459029,8.497673,8.443503,"GO:0006351 transcription, DNA-templated; GO:0006355 regulation of transcription, DNA-templated; GO:0007417 central nervous system development; GO:0045664 regulation of neuron differentiation",GO:0005634 nucleus; GO:0005654 nucleoplasm; GO:0005737 cytoplasm; GO:0043231 intracellular membrane-bounded organelle,GO:0003677 DNA binding; GO:0046872 metal ion binding,,NM_001079843,CASZ1,0.8345146
623,ZMYM5,A_23_P65208,1,9205.0,zinc finger MYM-type containing 5,0.812027882944021,8.5187336557199,1.75567752684267,7.09338025991421e-07,1.68655547121019e-05,1,8.95579154611486,8.86855449074438,8.99673206684678,8.9094950114763,8.07229006490546,8.15952712027594,8.11858659954402,8.03134954417354,"GO:0006351 transcription, DNA-templated; GO:0006357 regulation of transcription from RNA polymerase II promoter; GO:0007275 multicellular organism development",GO:0005654 nucleoplasm; GO:0005737 cytoplasm,"GO:0000981 RNA polymerase II transcription factor activity, sequence-specific DNA binding; GO:0003677 DNA binding; GO:0005515 protein binding; GO:0008270 zinc ion binding",,NM_001039650,ZMYM5,0.812027882944021
650,ZNF425,A_24_P941166,1,155054.0,zinc finger protein 425,0.7993152424339,7.95571998490077,1.74027493031269,9.72514038340175e-07,2.25266575528423e-05,1,8.3711305386449,8.37609065645012,8.35075377076876,8.35571388857399,7.55475216389789,7.54979204609267,7.57016881396881,7.57512893177403,"GO:0006351 transcription, DNA-templated; GO:0045892 negative regulation of transcription, DNA-templated",GO:0005634 nucleus; GO:0005737 cytoplasm,GO:0003677 DNA binding; GO:0046872 metal ion binding,,NM_001001661,ZNF425,0.7993152424339
532,ZNF100,A_33_P3237403,1,163227.0,zinc finger protein 100,-0.863941072362154,8.03086763947364,-1.82000330765109,1.29604041094993e-06,2.89825468385042e-05,-1,7.71006396674904,7.60517358309425,7.61984433133929,7.51495394768451,8.34801729595785,8.45290767961263,8.54312731502237,8.43823693136759,"GO:0006351 transcription, DNA-templated; GO:0006355 regulation of transcription, DNA-templated",GO:0005634 nucleus,GO:0000978 RNA polymerase II core promoter proximal region sequence-specific DNA binding; GO:0046872 metal ion binding,,NM_173531,ZNF100,0.863941072362154
781,ZNF622,A_23_P156209,1,90441.0,zinc finger protein 622,0.734340615776458,10.4405620800752,1.66363692985027,1.58340412645531e-06,3.48305821993597e-05,1,10.7761946157962,10.7630247645103,10.8381743833543,10.8250045320685,10.0960768248591,10.109246676145,10.0472669085869,10.034097057301,GO:0008631 intrinsic apoptotic signaling pathway in response to oxidative stress; GO:0033674 positive regulation of kinase activity; GO:0042273 ribosomal large subunit biogenesis; GO:0043065 positive regulation of apoptotic process; GO:0043410 positive regulation of MAPK cascade; GO:0046330 positive regulation of JNK cascade,"GO:0005730 nucleolus; GO:0005737 cytoplasm; GO:0005794 Golgi apparatus; GO:0022625 cytosolic large ribosomal subunit; GO:0030687 preribosome, large subunit precursor",GO:0005515 protein binding; GO:0008270 zinc ion binding; GO:0044822 poly(A) RNA binding,,NM_033414,ZNF622,0.734340615776458
501,ZBTB14,A_24_P74064,1,7541.0,zinc finger and BTB domain containing 14,-0.875143883143433,7.00407982200873,-1.83419100518311,2.27433975570839e-06,4.85753304759488e-05,-1,6.63466157144699,6.49260003073443,6.66929305043161,6.52723150971905,7.38887694671437,7.53093848742693,7.49630700844231,7.35424546772975,"GO:0000122 negative regulation of transcription from RNA polymerase II promoter; GO:0003170 heart valve development; GO:0003279 cardiac septum development; GO:0006351 transcription, DNA-templated; GO:0045892 negative regulation of transcription, DNA-templated; GO:0060976 coronary vasculature development",GO:0005634 nucleus; GO:0005654 nucleoplasm; GO:0005737 cytoplasm,"GO:0003700 transcription factor activity, sequence-specific DNA binding; GO:0005515 protein binding; GO:0043565 sequence-specific DNA binding; GO:0044212 transcription regulatory region DNA binding; GO:0046872 metal ion binding",,NM_003409,ZFP161,0.875143883143433
754,ZCCHC8,A_23_P64669,1,55596.0,zinc finger CCHC-type containing 8,0.747105434340346,10.1927846810483,1.67842193134985,2.39146238793063e-06,5.08752156421874e-05,1,10.6121012136827,10.5441929350876,10.5486630432784,10.4807547646832,9.75500666107488,9.82291493967002,9.88635311007435,9.81844483147922,"GO:0000398 mRNA splicing, via spliceosome",GO:0005634 nucleus; GO:0005654 nucleoplasm; GO:0071013 catalytic step 2 spliceosome,GO:0008270 zinc ion binding; GO:0044822 poly(A) RNA binding,,NM_017612,ZCCHC8,0.747105434340346
719,ZCCHC14,A_23_P100420,10,23174.0,zinc finger CCHC-type containing 14,-0.7663666,8.628199,-1.700981,2.622983e-06,5.529125e-05,-1,8.260431,8.220067,8.317509,8.277145,9.00981,9.050174,8.993097,8.952733,,,GO:0003676 nucleic acid binding; GO:0008270 zinc ion binding; GO:0035091 phosphatidylinositol binding,,NM_015144,ZCCHC14,0.7663666
716,ZDHHC14,A_23_P250619,1,79683.0,zinc finger DHHC-type containing 14,-0.768326430315616,8.66793217471408,-1.70329276616594,2.8595739056893e-06,5.98105962576774e-05,-1,8.36204387975827,8.29345268222268,8.32357227896736,8.25498108143178,8.98391916952717,9.05251036706275,9.09098196785366,9.02239077031808,GO:0018345 protein palmitoylation,GO:0005783 endoplasmic reticulum; GO:0016021 integral component of membrane,GO:0008270 zinc ion binding; GO:0016409 palmitoyltransferase activity; GO:0019706 protein-cysteine S-palmitoyltransferase activity,,NM_153746,ZDHHC14,0.768326430315616
809,ZC2HC1A,A_23_P20363,1,51101.0,zinc finger C2HC-type containing 1A,-0.7245842,9.408935,-1.652424,4.15595e-06,8.505494e-05,-1,9.11029,9.076992,9.078507,9.045209,9.74543,9.778728,9.810511,9.777213,,,GO:0005515 protein binding; GO:0046872 metal ion binding,,NM_016010,FAM164A,0.7245842
708,ZHX3,A_24_P57700,1,23051.0,zinc fingers and homeoboxes 3,-0.7707166,7.327048,-1.706117,4.684323e-06,9.443409e-05,-1,6.959203,6.961636,6.946002,6.948435,7.706933,7.7045,7.717701,7.720134,"GO:0000122 negative regulation of transcription from RNA polymerase II promoter; GO:0006351 transcription, DNA-templated; GO:0030154 cell differentiation; GO:0045669 positive regulation of osteoblast differentiation; GO:0045892 negative regulation of transcription, DNA-templated",GO:0005634 nucleus; GO:0005654 nucleoplasm,"GO:0003677 DNA binding; GO:0003700 transcription factor activity, sequence-specific DNA binding; GO:0003714 transcription corepressor activity; GO:0005515 protein binding; GO:0042803 protein homodimerization activity; GO:0046872 metal ion binding; GO:0046982 protein heterodimerization activity",,NM_015035,ZHX3,0.7707166
834,ZBTB43,A_33_P3349414,1,23099.0,zinc finger and BTB domain containing 43,0.716849801491742,9.5283565062348,1.6435892521433,9.78390673350514e-06,0.0001850131041722,1,9.83785637202947,9.91272171158563,9.85171905755931,9.92658439711547,9.18401412468337,9.10914878512721,9.09528609959736,9.17015143915353,"GO:0006351 transcription, DNA-templated; GO:0006355 regulation of transcription, DNA-templated",GO:0005634 nucleus,GO:0003677 DNA binding; GO:0005515 protein binding; GO:0046872 metal ion binding,,NM_014007,ZBTB43,0.716849801491742
707,ZNF107,A_23_P45087,1,51427.0,zinc finger protein 107,-0.77125766551874,7.33348638111267,-1.70675699602237,1.38675537800145e-05,0.000252774080626,-1,6.9628578826539,7.05377496996911,6.86702801997429,6.9579451072895,7.71840824974323,7.62749116242802,7.72332102510763,7.81423811242284,"GO:0006351 transcription, DNA-templated; GO:0006355 regulation of transcription, DNA-templated; GO:0008150 biological_process",GO:0005575 cellular_component; GO:0005634 nucleus,GO:0003674 molecular_function; GO:0003677 DNA binding; GO:0046872 metal ion binding,,NM_016220,ZNF107,0.77125766551874
820,ZFP30,A_33_P3362861,1,22835.0,ZFP30 zinc finger protein,-0.720962700351504,7.70879339327208,-1.64828155444332,1.82742973067838e-05,0.0003250372264643,-1,7.33103680606945,7.36243379920034,7.36104958074991,7.39244657388079,8.07411527296083,8.04271827982995,8.01270550514949,8.04410249828037,"GO:0006351 transcription, DNA-templated; GO:0006355 regulation of transcription, DNA-templated",GO:0005634 nucleus,"GO:0003677 DNA binding; GO:0003700 transcription factor activity, sequence-specific DNA binding; GO:0046872 metal ion binding",,NM_014898,ZFP30,0.720962700351504
881,ZNRF1,A_24_P16610,1,84937.0,zinc and ring finger 1,-0.7006822,8.454897,-1.625273,4.867657e-05,0.0007862166,-1,8.146394,8.226576,8.032401,8.112583,8.771708,8.691526,8.805519,8.885701,GO:0000209 protein polyubiquitination; GO:0043161 proteasome-mediated ubiquitin-dependent protein catabolic process; GO:0070936 protein K48-linked ubiquitination,GO:0005764 lysosome; GO:0005768 endosome; GO:0005829 cytosol; GO:0005829 cytosol; GO:0016020 membrane; GO:0030054 cell junction; GO:0030672 synaptic vesicle membrane,GO:0004842 ubiquitin-protein transferase activity; GO:0004842 ubiquitin-protein transferase activity; GO:0004842 ubiquitin-protein transferase activity; GO:0005515 protein binding; GO:0008270 zinc ion binding; GO:0016874 ligase activity; GO:0061630 ubiquitin protein ligase activity,,NM_032268,ZNRF1,0.7006822
973,ZNF765,A_33_P3289422,1,91661.0,zinc finger protein 765,0.6670065,10.33903,1.587775,5.314731e-05,0.0008499365,1,10.69196,10.73407,10.58539,10.6275,9.979802,9.937693,10.04426,10.08637,"GO:0006351 transcription, DNA-templated; GO:0006355 regulation of transcription, DNA-templated",GO:0005634 nucleus,GO:0003677 DNA binding; GO:0046872 metal ion binding,,NM_001040185,ZNF765,0.6670065
923,ZMYND11,A_23_P75083,1,10771.0,zinc finger MYND-type containing 11,-0.6840534,8.549495,-1.606647,6.409976e-05,0.001005204,0,8.24991,8.299373,8.129763,8.179227,8.868682,8.819219,8.939365,8.988829,"GO:0000122 negative regulation of transcription from RNA polymerase II promoter; GO:0006351 transcription, DNA-templated; GO:0007049 cell cycle; GO:0008283 cell proliferation; GO:0016032 viral process; GO:0016569 chromatin modification; GO:0034243 regulation of transcription elongation from RNA polymerase II promoter; GO:0043124 negative regulation of I-kappaB kinase/NF-kappaB signaling; GO:0046329 negative regulation of JNK cascade; GO:2001237 negative regulation of extrinsic apoptotic signaling pathway",GO:0005634 nucleus; GO:0005654 nucleoplasm; GO:0005694 chromosome,GO:0000977 RNA polymerase II regulatory region sequence-specific DNA binding; GO:0003682 chromatin binding; GO:0003712 transcription cofactor activity; GO:0003714 transcription corepressor activity; GO:0005515 protein binding; GO:0008270 zinc ion binding; GO:0035064 methylated histone binding; GO:0042393 histone binding,,NM_212479,ZMYND11,0.6840534
796,ZNF10,A_23_P203829,1,7556.0,zinc finger protein 10,0.7302323,6.627414,1.658906,8.738638e-05,0.001325124,1,6.973287,7.080262,6.918752,7.025727,6.276217,6.169242,6.223778,6.330752,"GO:0006351 transcription, DNA-templated; GO:0006355 regulation of transcription, DNA-templated",GO:0005634 nucleus,GO:0003677 DNA binding; GO:0005515 protein binding; GO:0046872 metal ion binding,,NM_015394,ZNF10,0.7302323
1031,ZNF75A,A_33_P3279109,1,7627.0,zinc finger protein 75a,0.6508195,8.547897,1.57006,9.120458e-05,0.00137684,1,8.897941,8.911811,8.861953,8.875823,8.183991,8.170122,8.20611,8.219979,"GO:0006351 transcription, DNA-templated; GO:0006355 regulation of transcription, DNA-templated; GO:0008150 biological_process",GO:0005634 nucleus,GO:0003674 molecular_function; GO:0003677 DNA binding; GO:0046872 metal ion binding,,BC039601,ZNF75A,0.6508195
848,ZNF44,A_33_P3278774,1,51710.0,zinc finger protein 44,0.710314370835769,6.93394971505686,1.63616060627352,9.51905042422729e-05,0.0014303346399526,1,7.33931575237753,7.33583923877013,7.24445468117262,7.24097816756523,6.51952257652633,6.52299909013373,6.61786016133863,6.61438364773124,"GO:0006351 transcription, DNA-templated; GO:0006355 regulation of transcription, DNA-templated",GO:0005634 nucleus,GO:0003677 DNA binding; GO:0046872 metal ion binding,,ENST00000483826,ZNF44,0.710314370835769
1091,ZNF644,A_23_P200772,1,84146.0,zinc finger protein 644,-0.6342966,9.090327,-1.552181,0.0001364724,0.00198425,0,8.821537,8.835349,8.760724,8.774537,9.379866,9.366053,9.426866,9.440678,"GO:0006351 transcription, DNA-templated; GO:0006355 regulation of transcription, DNA-templated",GO:0005634 nucleus,GO:0003677 DNA binding; GO:0046872 metal ion binding,,NM_201269,ZNF644,0.6342966
952,ZMAT4,A_32_P164593,1,79698.0,zinc finger matrin-type 4,-0.6741891,6.781607,-1.5957,0.0001868996,0.002639121,-1,6.477032,6.483269,6.432377,6.438614,7.105756,7.099519,7.144174,7.150411,GO:0072332 intrinsic apoptotic signaling pathway by p53 class mediator,GO:0005634 nucleus,GO:0002039 p53 binding; GO:0003677 DNA binding; GO:0003723 RNA binding; GO:0008270 zinc ion binding,,NM_024645,ZMAT4,0.6741891
1107,ZNF165,A_23_P93269,1,7718.0,zinc finger protein 165,0.630092598972527,8.94785850418911,1.54766432675092,0.0002142214636804,0.0029781019989561,1,9.30873351688144,9.22849914727014,9.31654458111727,9.23631021150598,8.57593498233675,8.65616935194805,8.64835828771221,8.56812391810092,"GO:0006351 transcription, DNA-templated; GO:0006355 regulation of transcription, DNA-templated",GO:0005634 nucleus,"GO:0003700 transcription factor activity, sequence-specific DNA binding; GO:0043565 sequence-specific DNA binding; GO:0046872 metal ion binding",,NM_003447,ZNF165,0.630092598972527
1082,GLIS2,A_33_P3333224,1,84662.0,GLIS family zinc finger 2,-0.6355867,7.893257,-1.553569,0.0002419078,0.003314956,-1,7.608512,7.607315,7.572974,7.571777,8.16633,8.167527,8.203065,8.201868,"GO:0000122 negative regulation of transcription from RNA polymerase II promoter; GO:0006366 transcription from RNA polymerase II promoter; GO:0007399 nervous system development; GO:0043433 negative regulation of sequence-specific DNA binding transcription factor activity; GO:0045879 negative regulation of smoothened signaling pathway; GO:0045892 negative regulation of transcription, DNA-templated; GO:0045893 positive regulation of transcription, DNA-templated; GO:0045944 positive regulation of transcription from RNA polymerase II promoter; GO:0060994 regulation of transcription from RNA polymerase II promoter involved in kidney development; GO:0061005 cell differentiation involved in kidney development; GO:1900182 positive regulation of protein localization to nucleus",GO:0005634 nucleus; GO:0005737 cytoplasm; GO:0016607 nuclear speck; GO:0031513 nonmotile primary cilium,"GO:0000977 RNA polymerase II regulatory region sequence-specific DNA binding; GO:0001077 transcriptional activator activity, RNA polymerase II core promoter proximal region sequence-specific binding; GO:0005515 protein binding; GO:0044212 transcription regulatory region DNA binding; GO:0046872 metal ion binding",,NM_032575,GLIS2,0.6355867
1062,ZNF330,A_23_P41359,1,27309.0,zinc finger protein 330,0.6400641,8.725659,1.558398,0.0002419376,0.003314956,1,9.002487,9.03159,9.094666,9.123768,8.439348,8.410245,8.318067,8.347169,GO:0008150 biological_process,"GO:0000775 chromosome, centromeric region; GO:0005730 nucleolus; GO:0030496 midbody",GO:0008270 zinc ion binding; GO:0046872 metal ion binding,,NM_014487,ZNF330,0.6400641
1044,ZSWIM6,A_23_P410859,1,57688.0,zinc finger SWIM-type containing 6,-0.645739088794159,7.46475975403175,-1.5645405909287,0.0002543772527088,0.0034677667974672,-1,7.17542347377482,7.14244073158262,7.16635191833766,7.13336917614547,7.76212544190725,7.79510818409945,7.8041797395366,7.77119699734441,GO:0048812 neuron projection morphogenesis; GO:2001222 regulation of neuron migration,,GO:0008270 zinc ion binding,,NM_020928,ZSWIM6,0.645739088794159
1035,GZF1,A_24_P156288,1,64412.0,GDNF inducible zinc finger protein 1,0.649077572799384,7.06210887474003,1.56816522513641,0.0003518713719171,0.0046214917474871,1,7.36103401286573,7.3892236332825,7.38592110180989,7.41411072222665,6.74133517255757,6.71314555214081,6.68825846319665,6.71644808361341,"GO:0000122 negative regulation of transcription from RNA polymerase II promoter; GO:0000122 negative regulation of transcription from RNA polymerase II promoter; GO:0001658 branching involved in ureteric bud morphogenesis; GO:0006351 transcription, DNA-templated; GO:0045892 negative regulation of transcription, DNA-templated",GO:0005634 nucleus; GO:0005654 nucleoplasm; GO:0005730 nucleolus; GO:0005737 cytoplasm; GO:0005794 Golgi apparatus,"GO:0000978 RNA polymerase II core promoter proximal region sequence-specific DNA binding; GO:0000978 RNA polymerase II core promoter proximal region sequence-specific DNA binding; GO:0000980 RNA polymerase II distal enhancer sequence-specific DNA binding; GO:0001078 transcriptional repressor activity, RNA polymerase II core promoter proximal region sequence-specific binding; GO:0001078 transcriptional repressor activity, RNA polymerase II core promoter proximal region sequence-specific binding; GO:0001206 transcriptional repressor activity, RNA polymerase II distal enhancer sequence-specific binding; GO:0001206 transcriptional repressor activity, RNA polymerase II distal enhancer sequence-specific binding; GO:0043565 sequence-specific DNA binding; GO:0046872 metal ion binding",,NM_022482,GZF1,0.649077572799384
997,ZNF462,A_23_P60499,1,58499.0,zinc finger protein 462,-0.659640443945427,6.98268599699855,-1.57968887628332,0.0005589187631528,0.0070875282844355,-1,6.72094593507767,6.59792303321139,6.7340769289878,6.61105402712152,7.26158466730904,7.38460756917532,7.37147657526519,7.24845367339891,"GO:0006325 chromatin organization; GO:0006351 transcription, DNA-templated; GO:0043392 negative regulation of DNA binding; GO:0045944 positive regulation of transcription from RNA polymerase II promoter",GO:0005634 nucleus,GO:0003677 DNA binding; GO:0046872 metal ion binding,,NM_021224,ZNF462,0.659640443945427
1229,ZC3H3,A_33_P3423820,1,23144.0,zinc finger CCCH-type containing 3,-0.5963397,10.45615,-1.511876,0.000560782,0.007100018,-1,10.18692,10.09703,10.20834,10.11845,10.73237,10.82226,10.80085,10.71096,"GO:0006378 mRNA polyadenylation; GO:0010793 regulation of mRNA export from nucleus; GO:0016973 poly(A)+ mRNA export from nucleus; GO:0032927 positive regulation of activin receptor signaling pathway; GO:0090502 RNA phosphodiester bond hydrolysis, endonucleolytic",GO:0005634 nucleus; GO:0005847 mRNA cleavage and polyadenylation specificity factor complex,GO:0003674 molecular_function; GO:0003677 DNA binding; GO:0003723 RNA binding; GO:0004521 endoribonuclease activity; GO:0046872 metal ion binding; GO:0070412 R-SMAD binding,,NM_015117,ZC3H3,0.5963397
1217,ZNF341,A_33_P3220095,1,84905.0,zinc finger protein 341,-0.599855504629017,8.74165516494599,-1.51556476515675,0.0005637073896556,0.0071314718904167,-1,8.48028240711723,8.43969547882053,8.50815135960805,8.46756443131135,9.01886121425675,9.05944814255345,9.03157919006264,8.99099226176594,"GO:0006351 transcription, DNA-templated; GO:0006355 regulation of transcription, DNA-templated",GO:0005634 nucleus,"GO:0003677 DNA binding; GO:0003700 transcription factor activity, sequence-specific DNA binding; GO:0046872 metal ion binding",,NM_032819,ZNF341,0.599855504629017
1238,ZZEF1,A_24_P282108,1,23140.0,zinc finger ZZ-type and EF-hand domain containing 1,-0.5932434,8.940075,-1.508635,0.0006728446,0.008356804,-1,8.694212,8.678827,8.640596,8.625212,9.197451,9.212835,9.26645,9.251066,,,GO:0005509 calcium ion binding; GO:0008270 zinc ion binding,,NM_015113,ZZEF1,0.5932434
1259,ZXDB,A_33_P3334308,1,158586.0,"zinc finger, X-linked, duplicated B",0.588996565208607,8.81680357860712,1.50420017016064,0.0007389339174763,0.0090921488415205,1,9.1110748229668,9.14864003154176,9.08729147829604,9.12485668687101,8.50861745697876,8.47105224840379,8.49483559307455,8.53240080164952,"GO:0006351 transcription, DNA-templated; GO:0006355 regulation of transcription, DNA-templated; GO:0008150 biological_process",GO:0005634 nucleus,GO:0003674 molecular_function; GO:0003676 nucleic acid binding; GO:0046872 metal ion binding,,NM_007157,ZXDB,0.588996565208607
1235,ZNF362,A_23_P137543,1,149076.0,zinc finger protein 362,-0.59453044291642,8.29619992924399,-1.50998104876991,0.0007443961754698,0.0091454387272015,0,8.00512398494185,8.01948599467595,8.00840156151696,8.02276357125106,8.58914674173968,8.57478473200558,8.57150715543047,8.58586916516457,"GO:0006351 transcription, DNA-templated; GO:0006355 regulation of transcription, DNA-templated",GO:0005634 nucleus,GO:0003677 DNA binding; GO:0046872 metal ion binding,,NM_152493,ZNF362,0.59453044291642
1167,BAZ2A,A_23_P203841,1,11176.0,bromodomain adjacent to zinc finger domain 2A,0.6137978,7.405433,1.530282,0.0008424107,0.0102253,1,7.731884,7.747813,7.700677,7.716606,7.037442,7.021513,7.05272,7.068649,"GO:0000183 chromatin silencing at rDNA; GO:0006306 DNA methylation; GO:0006338 chromatin remodeling; GO:0006351 transcription, DNA-templated; GO:0006355 regulation of transcription, DNA-templated; GO:0016575 histone deacetylation",GO:0005654 nucleoplasm; GO:0005677 chromatin silencing complex; GO:0005730 nucleolus; GO:0005737 cytoplasm; GO:0033553 rDNA heterochromatin,GO:0001164 RNA polymerase I CORE element sequence-specific DNA binding; GO:0003723 RNA binding; GO:0005515 protein binding; GO:0008270 zinc ion binding; GO:0016922 ligand-dependent nuclear receptor binding; GO:0042393 histone binding; GO:0070577 lysine-acetylated histone binding,,NM_013449,BAZ2A,0.6137978
1055,ZNF263,A_23_P140978,1,10127.0,zinc finger protein 263,0.642648026592337,6.49391216735464,1.56119205569878,0.0008627050954807,0.0104091164057711,1,6.84541237091227,6.71968117004779,6.92280337865839,6.79707217779392,6.09941436726634,6.22514556813081,6.14775456038469,6.02202335952022,"GO:0006351 transcription, DNA-templated; GO:0006355 regulation of transcription, DNA-templated; GO:0045892 negative regulation of transcription, DNA-templated",GO:0005634 nucleus; GO:0005634 nucleus; GO:0005654 nucleoplasm; GO:0005737 cytoplasm; GO:0015630 microtubule cytoskeleton,"GO:0003700 transcription factor activity, sequence-specific DNA binding; GO:0043565 sequence-specific DNA binding; GO:0046872 metal ion binding",,NM_005741,ZNF263,0.642648026592337
1292,ZNF668,A_33_P3290487,1,79759.0,zinc finger protein 668,-0.5825409,11.01713,-1.497484,0.0009090795,0.01091976,-1,10.64904,10.73049,10.70115,10.7826,11.38904,11.30759,11.25548,11.33692,"GO:0006351 transcription, DNA-templated; GO:0006355 regulation of transcription, DNA-templated",GO:0005634 nucleus,"GO:0003677 DNA binding; GO:0003700 transcription factor activity, sequence-specific DNA binding; GO:0046872 metal ion binding",,NM_001172668,ZNF668,0.5825409
1204,LIMS1,A_23_P210358,1,3987.0,LIM zinc finger domain containing 1,-0.603529720644077,8.78716610868304,-1.51942948296916,0.0009212623259378,0.0110578836568402,0,8.57529162447612,8.51688479591379,8.49778251093075,8.43937568236842,9.01137302837231,9.06977985693464,9.14728897048,9.08888214191767,"GO:0007569 cell aging; GO:0010628 positive regulation of gene expression; GO:0010811 positive regulation of cell-substrate adhesion; GO:0034329 cell junction assembly; GO:0043547 positive regulation of GTPase activity; GO:0045184 establishment of protein localization; GO:0045892 negative regulation of transcription, DNA-templated; GO:0051291 protein heterooligomerization; GO:0051894 positive regulation of focal adhesion assembly; GO:0071560 cellular response to transforming growth factor beta stimulus; GO:1900026 positive regulation of substrate adhesion-dependent cell spreading",GO:0005829 cytosol; GO:0005886 plasma membrane; GO:0005911 cell-cell junction; GO:0005925 focal adhesion; GO:0043234 protein complex; GO:0048471 perinuclear region of cytoplasm,GO:0005515 protein binding; GO:0008270 zinc ion binding; GO:0019901 protein kinase binding,,NM_004987,LIMS1,0.603529720644077
1103,ZNF433,A_23_P27649,1,163059.0,zinc finger protein 433,0.6310144,8.031653,1.548654,0.001009394,0.0119911,1,8.349356,8.464747,8.253975,8.369366,7.721139,7.605748,7.701129,7.81652,"GO:0006351 transcription, DNA-templated; GO:0006355 regulation of transcription, DNA-templated",GO:0005634 nucleus,GO:0003677 DNA binding; GO:0046872 metal ion binding,,NM_001080411,ZNF433,0.6310144
1113,BAZ2B,A_23_P120048,10,29994.0,bromodomain adjacent to zinc finger domain 2B,-0.6292019,6.240728,-1.546709,0.001034806,0.01225756,-1,5.923839,5.945144,5.917018,5.938324,6.566579,6.545273,6.552094,6.573399,"GO:0006351 transcription, DNA-templated; GO:0006355 regulation of transcription, DNA-templated",GO:0005634 nucleus,GO:0003677 DNA binding; GO:0005515 protein binding; GO:0008270 zinc ion binding,,NM_013450,BAZ2B,0.6292019
1248,ZNF638,A_24_P3140,1,27332.0,zinc finger protein 638,-0.5908615,8.373489,-1.506146,0.001139006,0.0133542,0,8.136078,8.122519,8.06329,8.049732,8.62841,8.641969,8.714757,8.701198,"GO:0006351 transcription, DNA-templated; GO:0006355 regulation of transcription, DNA-templated; GO:0008380 RNA splicing",GO:0005654 nucleoplasm; GO:0005737 cytoplasm; GO:0016607 nuclear speck; GO:0043231 intracellular membrane-bounded organelle,GO:0000166 nucleotide binding; GO:0003690 double-stranded DNA binding; GO:0003723 RNA binding; GO:0008270 zinc ion binding; GO:0044822 poly(A) RNA binding,,NM_014497,ZNF638,0.5908615
1144,ZNF117,A_33_P3222744,1,51351.0,zinc finger protein 117,-0.622319929916648,6.50940349485999,-1.53934854596837,0.0014532988174859,0.0166056079725178,-1,6.22882266976446,6.24672206907637,6.15839225648639,6.1762916557983,6.79503472651582,6.7771353272039,6.84756574048197,6.86546513979389,"GO:0006351 transcription, DNA-templated; GO:0006355 regulation of transcription, DNA-templated",GO:0005634 nucleus,"GO:0000978 RNA polymerase II core promoter proximal region sequence-specific DNA binding; GO:0003700 transcription factor activity, sequence-specific DNA binding; GO:0008270 zinc ion binding",,NM_015852,ZNF117,0.622319929916648
1043,ZNF594,A_23_P321160,1,84622.0,zinc finger protein 594,-0.6457499,6.337152,-1.564552,0.001668129,0.0187424,-1,5.927443,6.038814,6.004397,6.115768,6.749605,6.638234,6.561281,6.672651,"GO:0006351 transcription, DNA-templated; GO:0006355 regulation of transcription, DNA-templated",GO:0005634 nucleus,GO:0003677 DNA binding; GO:0046872 metal ion binding,,NM_032530,ZNF594,0.6457499
1126,ZNF91,A_33_P3217230,1,7644.0,zinc finger protein 91,-0.6256833,6.216284,-1.542941,0.001699869,0.01904607,0,5.931913,5.867289,5.985931,5.921308,6.514171,6.578795,6.524777,6.460153,"GO:0006351 transcription, DNA-templated; GO:0045892 negative regulation of transcription, DNA-templated; GO:0070895 negative regulation of transposon integration",GO:0005634 nucleus,"GO:0003677 DNA binding; GO:0003700 transcription factor activity, sequence-specific DNA binding; GO:0003700 transcription factor activity, sequence-specific DNA binding; GO:0008270 zinc ion binding",,NM_003430,ZNF91,0.6256833
1158,PATZ1,A_24_P211558,1,23598.0,POZ/BTB and AT hook containing zinc finger 1,-0.617495001018885,6.79512455957931,-1.53420896960845,0.0018015799821979,0.0201159842211161,-1,6.4260289128963,6.49993662223071,6.49143826488924,6.56534597422365,7.16055118718292,7.0866434778485,7.02123412585556,7.09514183518997,"GO:0006355 regulation of transcription, DNA-templated; GO:0006366 transcription from RNA polymerase II promoter; GO:0007283 spermatogenesis; GO:0008584 male gonad development; GO:0030217 T cell differentiation; GO:0045892 negative regulation of transcription, DNA-templated; GO:0045944 positive regulation of transcription from RNA polymerase II promoter",GO:0005634 nucleus; GO:0005654 nucleoplasm,"GO:0000978 RNA polymerase II core promoter proximal region sequence-specific DNA binding; GO:0001077 transcriptional activator activity, RNA polymerase II core promoter proximal region sequence-specific binding; GO:0003677 DNA binding; GO:0003682 chromatin binding; GO:0046872 metal ion binding",,NM_032051,PATZ1,0.617495001018885
1207,ZBTB24,A_23_P134147,1,9841.0,zinc finger and BTB domain containing 24,-0.601712231096285,8.39201199523217,-1.51751652952146,0.0019001649972681,0.0211001838432907,0,8.05905103208207,8.03299855272509,8.19375448256733,8.16770200321035,8.72469121405135,8.75074369340833,8.61604024292307,8.58998776356609,"GO:0002244 hematopoietic progenitor cell differentiation; GO:0006351 transcription, DNA-templated; GO:0006355 regulation of transcription, DNA-templated",GO:0005634 nucleus,GO:0003677 DNA binding; GO:0005515 protein binding; GO:0046872 metal ion binding,,NM_014797,ZBTB24,0.601712231096285
1101,ZNF350,A_23_P78458,1,59348.0,zinc finger protein 350,0.6320074,8.339278,1.54972,0.001920328,0.02129483,0,8.732966,8.801357,8.541239,8.60963,7.941939,7.873548,8.065276,8.133667,"GO:0000122 negative regulation of transcription from RNA polymerase II promoter; GO:0006351 transcription, DNA-templated; GO:0006355 regulation of transcription, DNA-templated; GO:0045892 negative regulation of transcription, DNA-templated; GO:0045944 positive regulation of transcription from RNA polymerase II promoter",GO:0005634 nucleus; GO:0005654 nucleoplasm; GO:0016363 nuclear matrix; GO:0017053 transcriptional repressor complex,"GO:0001162 RNA polymerase II intronic transcription regulatory region sequence-specific DNA binding; GO:0001227 transcriptional repressor activity, RNA polymerase II transcription regulatory region sequence-specific binding; GO:0003677 DNA binding; GO:0046872 metal ion binding",,NM_021632,ZNF350,0.6320074
1493,ZFP62,A_23_P69877,1,643836.0,ZFP62 zinc finger protein,-0.5444335,10.60634,-1.458448,0.002052266,0.02261829,-1,10.34604,10.34031,10.33153,10.3258,10.8725,10.87823,10.89274,10.88701,"GO:0006351 transcription, DNA-templated; GO:0006355 regulation of transcription, DNA-templated",GO:0005634 nucleus,GO:0003676 nucleic acid binding; GO:0046872 metal ion binding,,NM_152283,ZFP62,0.5444335
1412,ZNF395,A_23_P146077,1,55893.0,zinc finger protein 395,-0.5597431,9.062498,-1.474007,0.002078198,0.02287292,0,8.82924,8.79767,8.821783,8.790213,9.312669,9.344239,9.351696,9.320126,"GO:0006351 transcription, DNA-templated; GO:0006355 regulation of transcription, DNA-templated; GO:0006357 regulation of transcription from RNA polymerase II promoter",GO:0005634 nucleus; GO:0005737 cytoplasm,GO:0000978 RNA polymerase II core promoter proximal region sequence-specific DNA binding; GO:0000978 RNA polymerase II core promoter proximal region sequence-specific DNA binding; GO:0001158 enhancer sequence-specific DNA binding; GO:0003677 DNA binding; GO:0046872 metal ion binding,,NM_018660,ZNF395,0.5597431
1461,ZFYVE27,A_23_P323924,1,118813.0,zinc finger FYVE-type containing 27,0.5500139,11.78431,1.4641,0.002380598,0.02591886,0,12.00798,12.0891,12.02181,12.10292,11.55706,11.47595,11.46212,11.54324,GO:0016192 vesicle-mediated transport; GO:0031175 neuron projection development; GO:0045773 positive regulation of axon extension; GO:0048011 neurotrophin TRK receptor signaling pathway; GO:0071787 endoplasmic reticulum tubular network assembly; GO:0072659 protein localization to plasma membrane,GO:0005783 endoplasmic reticulum; GO:0030176 integral component of endoplasmic reticulum membrane; GO:0030424 axon; GO:0030425 dendrite; GO:0032584 growth cone membrane; GO:0055038 recycling endosome membrane; GO:0071782 endoplasmic reticulum tubular network,GO:0005515 protein binding; GO:0043621 protein self-association; GO:0046872 metal ion binding,04144 Endocytosis,NM_001002261,ZFYVE27,0.5500139
1397,ZBTB4,A_23_P100654,10,57659.0,zinc finger and BTB domain containing 4,-0.562257,8.45042,-1.476577,0.002491418,0.02701626,0,8.217497,8.198351,8.187429,8.168283,8.68857,8.707717,8.737784,8.718638,"GO:0000122 negative regulation of transcription from RNA polymerase II promoter; GO:0006351 transcription, DNA-templated; GO:0006974 cellular response to DNA damage stimulus; GO:0045892 negative regulation of transcription, DNA-templated",GO:0005634 nucleus; GO:0005694 chromosome,"GO:0000977 RNA polymerase II regulatory region sequence-specific DNA binding; GO:0001227 transcriptional repressor activity, RNA polymerase II transcription regulatory region sequence-specific binding; GO:0005515 protein binding; GO:0008327 methyl-CpG binding; GO:0010428 methyl-CpNpG binding; GO:0019901 protein kinase binding; GO:0042803 protein homodimerization activity; GO:0043565 sequence-specific DNA binding; GO:0046872 metal ion binding",,NM_020899,ZBTB4,0.562257
1383,ZNF260,A_33_P3414122,1,339324.0,zinc finger protein 260,-0.5656478,8.479552,-1.480052,0.002596337,0.02794779,0,8.260782,8.244376,8.197382,8.180976,8.706024,8.72243,8.78583,8.769424,"GO:0006351 transcription, DNA-templated; GO:0006355 regulation of transcription, DNA-templated; GO:0007275 multicellular organism development",GO:0005654 nucleoplasm; GO:0005737 cytoplasm,"GO:0003677 DNA binding; GO:0003700 transcription factor activity, sequence-specific DNA binding; GO:0046872 metal ion binding",,NM_001012756,ZNF260,0.5656478
1233,ZNF750,A_33_P3423420,1,79755.0,zinc finger protein 750,-0.5955816,6.874726,-1.511082,0.00270111,0.02892155,-1,6.593388,6.654156,6.523326,6.584094,7.156974,7.096206,7.166268,7.227036,GO:0006366 transcription from RNA polymerase II promoter; GO:0008544 epidermis development; GO:0030154 cell differentiation; GO:0045944 positive regulation of transcription from RNA polymerase II promoter,GO:0005634 nucleus; GO:0005730 nucleolus; GO:0043231 intracellular membrane-bounded organelle,"GO:0001046 core promoter sequence-specific DNA binding; GO:0001077 transcriptional activator activity, RNA polymerase II core promoter proximal region sequence-specific binding; GO:0046872 metal ion binding",,NM_024702,ZNF750,0.5955816
1287,ZNF468,A_33_P3382412,1,90333.0,zinc finger protein 468,0.5833285,7.499373,1.498302,0.003186645,0.03347737,1,7.840881,7.728828,7.866609,7.754555,7.155739,7.267793,7.242066,7.130012,"GO:0006351 transcription, DNA-templated; GO:0006355 regulation of transcription, DNA-templated",GO:0005634 nucleus,GO:0003677 DNA binding; GO:0046872 metal ion binding,,NM_199132,ZNF468,0.5833285
1363,ZNF317,A_24_P258955,1,57693.0,zinc finger protein 317,0.56942398755176,8.02383188986271,1.48393097597124,0.0033074891331759,0.0345672167454352,0,8.36934022596048,8.30042469563732,8.33937316181084,8.27045763148768,7.69662844883448,7.76554397915764,7.79551104330728,7.72659551298412,"GO:0006351 transcription, DNA-templated; GO:0006355 regulation of transcription, DNA-templated",GO:0005634 nucleus,"GO:0003677 DNA binding; GO:0003700 transcription factor activity, sequence-specific DNA binding; GO:0046872 metal ion binding",,NM_020933,ZNF317,0.56942398755176
1514,ZBTB45,A_23_P164623,1,84878.0,zinc finger and BTB domain containing 45,-0.538890512541341,10.1135050566308,-1.45285478689629,0.0033394997258379,0.0348792193587516,0,9.82433670606648,9.82842816882891,9.87245066435194,9.87654212711436,10.4232172060532,10.4191257432908,10.3710117850053,10.3751032477677,"GO:0006351 transcription, DNA-templated; GO:0006355 regulation of transcription, DNA-templated",GO:0005634 nucleus,GO:0003677 DNA binding; GO:0046872 metal ion binding,,NM_032792,ZBTB45,0.538890512541341
1076,ZNF730,A_33_P3423445,1,100129543.0,zinc finger protein 730,-0.636789,6.589888,-1.554865,0.003804754,0.03910697,0,6.265647,6.447098,6.10194,6.283391,6.896241,6.71479,6.878497,7.059948,"GO:0006351 transcription, DNA-templated; GO:0006355 regulation of transcription, DNA-templated",GO:0005634 nucleus,GO:0000978 RNA polymerase II core promoter proximal region sequence-specific DNA binding; GO:0046872 metal ion binding,,ENST00000327867,ZNF730,0.636789
1313,ZNF573,A_23_P339079,1,126231.0,zinc finger protein 573,-0.577868936352575,7.26213405251526,-1.4926427759181,0.0038822093308843,0.0397766542850047,0,6.92974534460288,6.9912298246632,6.97867444994133,7.04015893000165,7.60095990754783,7.53947542748751,7.49054632214906,7.55203080220938,"GO:0006351 transcription, DNA-templated; GO:0006355 regulation of transcription, DNA-templated",GO:0005634 nucleus,"GO:0003677 DNA binding; GO:0003700 transcription factor activity, sequence-specific DNA binding; GO:0046872 metal ion binding",,NM_152360,ZNF573,0.577868936352575
1406,ZNHIT2,A_33_P3213747,1,741.0,zinc finger HIT-type containing 2,-0.560604892541019,7.78568354066477,-1.47488747784184,0.0040373556030342,0.0411316732135213,0,7.48343149192452,7.49526396069027,7.52548726596467,7.53731973473042,8.08001306492998,8.06818059616423,8.02612482212408,8.03795729088984,GO:0022008 neurogenesis,,GO:0046872 metal ion binding,,NM_014205,ZNHIT2,0.560604892541019
